{
  "red": {
    "roi": [
      [
        0.7669172932330827,
        0.14837092731829574
      ],
      [
        0.8037593984962406,
        0.15104427736006684
      ],
      [
        0.8015037593984963,
        0.23659147869674185
      ],
      [
        0.8721804511278195,
        0.42639933166248956
      ],
      [
        0.8593984962406015,
        0.5253132832080201
      ],
      [
        0.825563909774436,
        0.5253132832080201
      ],
      [
        0.8300751879699249,
        0.4558061821219716
      ],
      [
        0.7616541353383459,
        0.2633249791144528
      ]
    ],
    "gate": [
      [
        0.775187969924812,
        0.2258980785296575
      ],
      [
        0.806015037593985,
        0.2258980785296575
      ],
      [
        0.7992481203007519,
        0.2633249791144528
      ],
      [
        0.7676691729323308,
        0.26198830409356727
      ]
    ],
    "exit": [
      [
        0.8353383458646616,
        0.4344193817878028
      ],
      [
        0.8661654135338346,
        0.44110275689223055
      ],
      [
        0.862406015037594,
        0.5052631578947369
      ],
      [
        0.824812030075188,
        0.5065998329156224
      ]
    ],
    "divider": [
      [
        0.8646616541353384,
        0.4584795321637427
      ],
      [
        0.7879699248120301,
        0.25263157894736843
      ]
    ],
    "gate_trip": [
      [
        0.7977443609022556,
        0.35288220551378446
      ],
      [
        0.8165413533834587,
        0.33817878028404347
      ],
      [
        0.8278195488721805,
        0.37293233082706767
      ],
      [
        0.8075187969924812,
        0.38763575605680867
      ]
    ],
    "overflow_trip": [
      [
        0.17142857142857143,
        0.454469507101086
      ],
      [
        0.18571428571428572,
        0.40902255639097745
      ],
      [
        0.17218045112781954,
        0.3943191311612364
      ],
      [
        0.16015037593984963,
        0.4357560568086884
      ]
    ],
    "gate_trip_2": [
      [
        0.7744360902255639,
        0.22857142857142856
      ],
      [
        0.8015037593984963,
        0.2258980785296575
      ],
      [
        0.7992481203007519,
        0.2646616541353383
      ],
      [
        0.7699248120300752,
        0.25931495405179616
      ]
    ]
  },
  "blue": {
    "roi": [
      [
        0.22781954887218045,
        0.15371762740183792
      ],
      [
        0.2571428571428571,
        0.15371762740183792
      ],
      [
        0.2646616541353383,
        0.2606516290726817
      ],
      [
        0.19924812030075187,
        0.46516290726817044
      ],
      [
        0.20601503759398496,
        0.5213032581453634
      ],
      [
        0.17218045112781954,
        0.5213032581453634
      ],
      [
        0.16015037593984963,
        0.44377610693400166
      ],
      [
        0.22481203007518796,
        0.2379281537176274
      ]
    ],
    "gate": null,
    "exit": null,
    "divider": null,
    "gate_trip": [
      [
        0.21127819548872181,
        0.3435254803675856
      ],
      [
        0.23458646616541354,
        0.3568922305764411
      ],
      [
        0.22330827067669173,
        0.39030910609857977
      ],
      [
        0.19924812030075187,
        0.38095238095238093
      ]
    ],
    "overflow_trip": [
      [
        0.8578947368421053,
        0.44511278195488724
      ],
      [
        0.8421052631578947,
        0.40902255639097745
      ],
      [
        0.8586466165413534,
        0.3929824561403509
      ],
      [
        0.8736842105263158,
        0.4277360066833751
      ]
    ],
    "gate_trip_2": null
  }
}