{
  "red": {
    "roi": [
      [
        0.7774436090225564,
        0.227234753550543
      ],
      [
        0.8090225563909774,
        0.22456140350877193
      ],
      [
        0.8037593984962406,
        0.2459482038429407
      ],
      [
        0.868421052631579,
        0.4357560568086884
      ],
      [
        0.8578947368421053,
        0.4932330827067669
      ],
      [
        0.824812030075188,
        0.48521303258145365
      ],
      [
        0.8338345864661654,
        0.439766081871345
      ],
      [
        0.8263157894736842,
        0.45981620718462823
      ],
      [
        0.7699248120300752,
        0.27000835421888053
      ]
    ],
    "gate": [
      [
        0.775187969924812,
        0.2258980785296575
      ],
      [
        0.806015037593985,
        0.2258980785296575
      ],
      [
        0.7992481203007519,
        0.2633249791144528
      ],
      [
        0.7676691729323308,
        0.26198830409356727
      ]
    ],
    "exit": [
      [
        0.8353383458646616,
        0.4344193817878028
      ],
      [
        0.8661654135338346,
        0.44110275689223055
      ],
      [
        0.862406015037594,
        0.5052631578947369
      ],
      [
        0.824812030075188,
        0.5065998329156224
      ]
    ],
    "divider": [
      [
        0.8646616541353384,
        0.4584795321637427
      ],
      [
        0.7879699248120301,
        0.25263157894736843
      ]
    ],
    "gate_trip": [
      [
        0.7781954887218046,
        0.22857142857142856
      ],
      [
        0.8082706766917294,
        0.227234753550543
      ],
      [
        0.8045112781954887,
        0.2646616541353383
      ],
      [
        0.7744360902255639,
        0.2633249791144528
      ]
    ],
    "overflow_trip": null
  },
  "blue": {
    "roi": null,
    "gate": null,
    "exit": null,
    "divider": null,
    "gate_trip": null,
    "overflow_trip": null
  }
}