{
  "red": {
    "roi": [
      [
        0.7120300751879699,
        0.23124477861319967
      ],
      [
        0.7383458646616541,
        0.23258145363408522
      ],
      [
        0.8075187969924812,
        0.4076858813700919
      ],
      [
        0.8007518796992481,
        0.45981620718462823
      ],
      [
        0.7744360902255639,
        0.45981620718462823
      ],
      [
        0.7766917293233083,
        0.42639933166248956
      ],
      [
        0.7075187969924812,
        0.2780284043441938
      ]
    ],
    "gate": [
      [
        0.7142857142857143,
        0.22857142857142856
      ],
      [
        0.7413533834586467,
        0.23124477861319967
      ],
      [
        0.7390977443609023,
        0.2646616541353383
      ],
      [
        0.7112781954887218,
        0.2673350041771094
      ]
    ],
    "exit": [
      [
        0.7789473684210526,
        0.4050125313283208
      ],
      [
        0.8075187969924812,
        0.4050125313283208
      ],
      [
        0.8022556390977443,
        0.46115288220551376
      ],
      [
        0.7714285714285715,
        0.45714285714285713
      ]
    ],
    "divider": [
      [
        0.7984962406015037,
        0.42105263157894735
      ],
      [
        0.7135338345864661,
        0.2258980785296575
      ]
    ]
  },
  "blue": {
    "roi": null,
    "gate": null,
    "exit": null,
    "divider": null
  }
}