{
  "red": {
    "roi": [
      [
        0.7744360902255639,
        0.14302422723475355
      ],
      [
        0.8120300751879699,
        0.14302422723475355
      ],
      [
        0.8067669172932331,
        0.22990810359231412
      ],
      [
        0.8676691729323308,
        0.4330827067669173
      ],
      [
        0.8593984962406015,
        0.4905597326649958
      ],
      [
        0.8240601503759398,
        0.4865497076023392
      ],
      [
        0.8278195488721805,
        0.46115288220551376
      ],
      [
        0.7654135338345864,
        0.2633249791144528
      ]
    ],
    "gate": [
      [
        0.775187969924812,
        0.2258980785296575
      ],
      [
        0.806015037593985,
        0.2258980785296575
      ],
      [
        0.7992481203007519,
        0.2633249791144528
      ],
      [
        0.7676691729323308,
        0.26198830409356727
      ]
    ],
    "exit": [
      [
        0.8353383458646616,
        0.4344193817878028
      ],
      [
        0.8661654135338346,
        0.44110275689223055
      ],
      [
        0.862406015037594,
        0.5052631578947369
      ],
      [
        0.824812030075188,
        0.5065998329156224
      ]
    ],
    "divider": [
      [
        0.8646616541353384,
        0.4584795321637427
      ],
      [
        0.7879699248120301,
        0.25263157894736843
      ]
    ],
    "gate_trip": [
      [
        0.7849624060150376,
        0.324812030075188
      ],
      [
        0.8037593984962406,
        0.3060985797827903
      ],
      [
        0.8120300751879699,
        0.3368421052631579
      ],
      [
        0.793233082706767,
        0.35555555555555557
      ]
    ],
    "overflow_trip": [
      [
        0.8518796992481203,
        0.4504594820384294
      ],
      [
        0.8421052631578947,
        0.4157059314954052
      ],
      [
        0.8541353383458646,
        0.395655806182122
      ],
      [
        0.868421052631579,
        0.4357560568086884
      ]
    ],
    "gate_trip_2": [
      [
        0.7744360902255639,
        0.22857142857142856
      ],
      [
        0.8015037593984963,
        0.2258980785296575
      ],
      [
        0.7992481203007519,
        0.2646616541353383
      ],
      [
        0.7699248120300752,
        0.25931495405179616
      ]
    ]
  },
  "blue": {
    "roi": [
      [
        0.23984962406015037,
        0.12832080200501253
      ],
      [
        0.2706766917293233,
        0.13233082706766916
      ],
      [
        0.2744360902255639,
        0.24461152882205514
      ],
      [
        0.20075187969924813,
        0.44912280701754387
      ],
      [
        0.20225563909774436,
        0.4865497076023392
      ],
      [
        0.17518796992481203,
        0.4731829573934837
      ],
      [
        0.16541353383458646,
        0.410359231411863
      ]
    ],
    "gate": null,
    "exit": null,
    "divider": null,
    "gate_trip": [
      [
        0.21879699248120302,
        0.3167919799498747
      ],
      [
        0.24210526315789474,
        0.3194653299916458
      ],
      [
        0.23383458646616542,
        0.35154553049289894
      ],
      [
        0.20977443609022556,
        0.3421888053467001
      ]
    ],
    "overflow_trip": [
      [
        0.17142857142857143,
        0.4197159565580618
      ],
      [
        0.1887218045112782,
        0.38095238095238093
      ],
      [
        0.1774436090225564,
        0.3595655806182122
      ],
      [
        0.16090225563909774,
        0.40100250626566414
      ]
    ],
    "gate_trip_2": null
  },
  "start_frame": 840
}