{
  "red": {
    "roi": [
      [
        0.7744360902255639,
        0.15505430242272347
      ],
      [
        0.8105263157894737,
        0.15371762740183792
      ],
      [
        0.8090225563909774,
        0.23258145363408522
      ],
      [
        0.8774436090225564,
        0.44644945697577276
      ],
      [
        0.8669172932330828,
        0.5065998329156224
      ],
      [
        0.8345864661654135,
        0.5039264828738513
      ],
      [
        0.8383458646616542,
        0.4731829573934837
      ],
      [
        0.7669172932330827,
        0.27134502923976606
      ]
    ],
    "gate": [
      [
        0.775187969924812,
        0.2258980785296575
      ],
      [
        0.806015037593985,
        0.2258980785296575
      ],
      [
        0.7992481203007519,
        0.2633249791144528
      ],
      [
        0.7676691729323308,
        0.26198830409356727
      ]
    ],
    "exit": [
      [
        0.8353383458646616,
        0.4344193817878028
      ],
      [
        0.8661654135338346,
        0.44110275689223055
      ],
      [
        0.862406015037594,
        0.5052631578947369
      ],
      [
        0.824812030075188,
        0.5065998329156224
      ]
    ],
    "divider": [
      [
        0.8646616541353384,
        0.4584795321637427
      ],
      [
        0.7879699248120301,
        0.25263157894736843
      ]
    ],
    "gate_trip": [
      [
        0.8045112781954887,
        0.36357560568086883
      ],
      [
        0.8270676691729323,
        0.34887218045112783
      ],
      [
        0.8353383458646616,
        0.3756056808688388
      ],
      [
        0.8105263157894737,
        0.3929824561403509
      ]
    ],
    "overflow_trip": [
      [
        0.8631578947368421,
        0.45714285714285713
      ],
      [
        0.8518796992481203,
        0.42105263157894735
      ],
      [
        0.8646616541353384,
        0.40367585630743524
      ],
      [
        0.8796992481203008,
        0.439766081871345
      ]
    ],
    "gate_trip_2": [
      [
        0.7744360902255639,
        0.22857142857142856
      ],
      [
        0.8015037593984963,
        0.2258980785296575
      ],
      [
        0.7992481203007519,
        0.2646616541353383
      ],
      [
        0.7699248120300752,
        0.25931495405179616
      ]
    ]
  },
  "blue": {
    "roi": [
      [
        0.23233082706766917,
        0.15505430242272347
      ],
      [
        0.262406015037594,
        0.15371762740183792
      ],
      [
        0.26842105263157895,
        0.27134502923976606
      ],
      [
        0.19774436090225564,
        0.4731829573934837
      ],
      [
        0.2037593984962406,
        0.5266499582289056
      ],
      [
        0.1736842105263158,
        0.5333333333333333
      ],
      [
        0.1586466165413534,
        0.4370927318295739
      ],
      [
        0.23007518796992482,
        0.24461152882205514
      ]
    ],
    "gate": null,
    "exit": null,
    "divider": null,
    "gate_trip": [
      [
        0.21203007518796993,
        0.35020885547201336
      ],
      [
        0.23383458646616542,
        0.36357560568086883
      ],
      [
        0.22481203007518796,
        0.39030910609857977
      ],
      [
        0.20451127819548873,
        0.3782790309106099
      ]
    ],
    "overflow_trip": [
      [
        0.16766917293233083,
        0.46248955722639934
      ],
      [
        0.18270676691729323,
        0.4223893065998329
      ],
      [
        0.16691729323308271,
        0.40902255639097745
      ],
      [
        0.15714285714285714,
        0.4357560568086884
      ]
    ],
    "gate_trip_2": null
  }
}