{
  "red": {
    "roi": [
      [
        0.7736842105263158,
        0.14837092731829574
      ],
      [
        0.8142857142857143,
        0.15104427736006684
      ],
      [
        0.8082706766917294,
        0.2379281537176274
      ],
      [
        0.8789473684210526,
        0.44377610693400166
      ],
      [
        0.8706766917293233,
        0.5012531328320802
      ],
      [
        0.8323308270676691,
        0.4985797827903091
      ],
      [
        0.8406015037593985,
        0.4705096073517126
      ],
      [
        0.7699248120300752,
        0.2659983291562239
      ]
    ],
    "gate": [
      [
        0.775187969924812,
        0.2258980785296575
      ],
      [
        0.806015037593985,
        0.2258980785296575
      ],
      [
        0.7992481203007519,
        0.2633249791144528
      ],
      [
        0.7676691729323308,
        0.26198830409356727
      ]
    ],
    "exit": [
      [
        0.8353383458646616,
        0.4344193817878028
      ],
      [
        0.8661654135338346,
        0.44110275689223055
      ],
      [
        0.862406015037594,
        0.5052631578947369
      ],
      [
        0.824812030075188,
        0.5065998329156224
      ]
    ],
    "divider": [
      [
        0.8646616541353384,
        0.4584795321637427
      ],
      [
        0.7879699248120301,
        0.25263157894736843
      ]
    ],
    "gate_trip": [
      [
        0.7977443609022556,
        0.3448621553884712
      ],
      [
        0.818796992481203,
        0.33283208020050126
      ],
      [
        0.8293233082706767,
        0.3609022556390977
      ],
      [
        0.8075187969924812,
        0.3769423558897243
      ]
    ],
    "overflow_trip": [
      [
        0.8676691729323308,
        0.46115288220551376
      ],
      [
        0.8541353383458646,
        0.4223893065998329
      ],
      [
        0.8654135338345864,
        0.4023391812865497
      ],
      [
        0.881203007518797,
        0.44377610693400166
      ]
    ],
    "gate_trip_2": [
      [
        0.7744360902255639,
        0.22857142857142856
      ],
      [
        0.8015037593984963,
        0.2258980785296575
      ],
      [
        0.7992481203007519,
        0.2646616541353383
      ],
      [
        0.7699248120300752,
        0.25931495405179616
      ]
    ]
  },
  "blue": {
    "roi": [
      [
        0.23082706766917294,
        0.15772765246449458
      ],
      [
        0.2631578947368421,
        0.1523809523809524
      ],
      [
        0.2706766917293233,
        0.25931495405179616
      ],
      [
        0.20225563909774436,
        0.46649958228905597
      ],
      [
        0.20526315789473684,
        0.5052631578947369
      ],
      [
        0.1699248120300752,
        0.5119465329991646
      ],
      [
        0.16165413533834586,
        0.439766081871345
      ],
      [
        0.23308270676691728,
        0.22322472848788638
      ]
    ],
    "gate": null,
    "exit": null,
    "divider": null,
    "gate_trip": [
      [
        0.21578947368421053,
        0.34619883040935673
      ],
      [
        0.22406015037593985,
        0.3234753550543024
      ],
      [
        0.24135338345864663,
        0.33817878028404347
      ],
      [
        0.23157894736842105,
        0.3649122807017544
      ]
    ],
    "overflow_trip": [
      [
        0.17218045112781954,
        0.46115288220551376
      ],
      [
        0.1849624060150376,
        0.42372598162071845
      ],
      [
        0.1699248120300752,
        0.4130325814536341
      ],
      [
        0.1631578947368421,
        0.44110275689223055
      ]
    ],
    "gate_trip_2": null
  },
  "start_frame": 180
}